"R_Med";"I_Med";"Energia";"Punti";"Ravv";"R_Fin";"R_Max";"R_Min";"T_Max";"T_Min";"Indice_Spruzzo";"T_Spruzzo"
278,03;8,5;4517,86;8149;74;265,57;290,04;283,3;61;35;0;0
279,39;8,53;4529,11;9955;90;268,44;292,16;270,5;94;37;0;0
281,34;8,53;4564,43;203;1;270,44;294,7;282;86;37;0;0
282,24;8,52;4565,63;1385;12;271,12;295,14;270,6;96;37;0;0
279,89;8,52;4596,84;3552;32;268,05;293,56;280,9;73;34;0;0
282,39;8,5;4553,33;10941;109;272,55;291,67;273,5;79;37;0;0
283,38;8,5;4564,5;10957;109;273,81;290,55;274,2;79;37;0;0
284,45;8,51;4548,14;10973;109;274,56;292,53;270,5;82;39;0;0
283,33;8,53;4448,62;10989;109;275,53;291,05;265;113;44;0;0
275,85;8,49;4177,22;4;0;257,78;290,93;289,8;66;50;5;194
272,98;8,49;4309,7;20;0;261,06;292,21;289,4;77;41;8;127
282,8;8,5;4475,52;36;0;271,69;291,8;290,7;61;41;0;0
283,65;8,5;4469,25;52;0;271,98;293,08;290,3;65;42;0;0
284,58;8,51;4570,08;68;0;272,16;296,1;289,4;64;38;0;0
284,23;8,51;4488,84;84;0;273,31;294,38;289;71;42;0;0
284,39;8,51;4567,27;100;0;273,7;293,1;285,2;77;38;0;0
275,31;8,5;4057,22;116;1;257,62;287,94;286,3;69;56;5;205
274,44;8,5;4200,68;132;1;260,49;289,4;287,6;78;48;5;154
282,81;8,5;4592,78;148;1;270,83;293,83;285,6;77;35;0;0
283,97;8,5;4577,24;164;1;272,66;293,81;287,1;69;37;0;0
284,83;8,5;4614,1;180;1;273,41;294,69;285,5;76;36;0;0
284,37;8,5;4607,97;196;1;273,7;292,26;281,4;82;36;0;0
273,65;8,49;4317,53;212;2;261,06;294,67;292,2;64;41;5;127
274,99;8,49;4422,42;228;2;261,35;294,95;288,2;73;37;6;126
276,35;8,49;4484,51;244;2;261,64;296,54;285,8;75;35;7;126
283,93;8,5;4591,9;638;6;273,7;296,24;287,9;67;36;0;0
283,87;8,51;4622,55;654;6;273,7;293,12;280,5;81;35;0;0
283,98;8,49;4602,04;670;6;275,35;292,53;274,9;84;35;0;0
284,84;8,51;4618,44;686;6;275,24;293,83;276,7;86;36;0;0
284,44;8,51;4618,73;702;6;275,24;292,86;273,3;105;36;0;0
272,65;8,49;4242,16;718;7;259,71;293,94;292,9;63;44;6;131
282,15;8,49;4553,76;734;7;270,74;293,52;286,6;72;36;0;0
283,6;8,5;4568,89;750;7;272,27;294,67;283;73;37;0;0
282,96;8,51;4632,43;766;7;273,13;292,55;278,1;87;34;0;0
283,3;8,51;4576,01;782;7;273,41;292,71;273,3;86;37;0;0
283,82;8,52;4569,05;798;7;273,7;291,12;274,6;84;38;0;0
280,28;8,5;4515,41;814;8;268,53;294,36;294;53;37;0;0
282,27;8,5;4482,9;830;8;271,51;293,36;286;66;40;0;0
282,13;8,5;4587,79;846;8;270,54;292,81;278,6;75;35;0;0
278,89;8,5;4472,11;862;8;260,78;291,41;274,8;91;38;6;191
284,76;8,5;4629,13;878;8;274,38;294,97;273,2;84;35;0;0
283,61;8,51;4537,05;894;8;273,99;293,41;269,8;91;39;0;0
274,39;8,49;4372,36;910;9;260,49;296,09;295,2;52;39;7;135
277,05;8,49;4513,11;926;9;262,21;295,53;287,9;66;34;5;143
283,36;8,5;4586,37;942;9;271,4;292,97;276,8;85;36;0;0
284,91;8,5;4613,45;958;9;272,55;294,4;281,3;86;36;0;0
286,25;8,51;4625,26;974;9;275,03;294,84;289,1;74;37;0;0
285,72;8,5;4663,06;990;9;274,96;293,83;282,9;84;34;0;0
279,59;8,5;4218,27;1006;10;268,53;293,36;292,2;57;51;0;0
282,41;8,5;4508,5;1022;10;270,83;293,1;285,2;68;39;0;0
283,83;8,51;4599,99;1038;10;272,84;293,69;282,6;88;36;0;0
284,22;8,5;4602,54;1054;10;272,66;293,81;280;76;36;0;0
286,45;8,5;4657,97;1070;10;274,56;297,11;282,3;71;35;0;0
285,32;8,51;4623,73;1086;10;274,28;292,39;284,6;85;36;0;0
285,88;8,51;4698;1102;10;275,6;292,39;280,6;85;33;0;0
279,81;8,49;4320,45;1118;11;269,49;292,63;292,2;56;46;0;0
282,15;8,5;4507,9;1134;11;269,97;292,24;287,2;78;39;0;0
283,66;8,5;4636,04;1150;11;272,84;292,97;283,8;87;34;0;0
284,68;8,5;4611,14;1166;11;273,13;293,67;281,7;75;36;0;0
284,59;8,5;4545,29;1182;11;274,09;292,81;273,4;81;39;0;0
284,62;8,51;4592,85;1198;11;274,09;293,43;271;97;37;0;0
279,14;8,5;4312,63;1214;12;267,96;292,06;291,8;52;46;0;0
281,18;8,5;4447,27;1230;12;271,22;290,65;286,4;70;41;0;0
281,96;8,5;4581,9;1246;12;272,08;290,52;278,9;78;35;0;0
283,38;8,5;4591,57;1262;12;272,37;292,84;277,3;85;36;0;0
283,53;8,51;4558,43;1278;12;274,09;291,41;273,6;87;38;0;0
283,98;8,5;4580,35;1294;12;274,96;292,24;271,3;82;37;0;0
279,3;8,49;4250,02;1310;13;269,2;290,62;289,5;62;49;0;0
281,04;8,51;4436,65;1326;13;270,64;290,52;284,3;79;42;0;0
282,36;8,5;4587,16;1342;13;271,79;291,38;281,2;81;35;0;0
282,52;8,5;4550,4;1358;13;273,41;290,52;274,3;80;37;0;0
282,29;8,5;4533,38;1374;13;275,24;288,83;273,9;87;38;0;0
283,67;8,51;4599,52;1390;13;273,99;291,69;275,1;86;36;0;0
280,86;8,5;4522,29;1406;14;268,82;294,36;293,5;45;37;0;0
282,94;8,49;4553,28;1422;14;270,26;296,1;290,8;63;37;0;0
283,75;8,5;4615,63;1438;14;272,37;293,83;281,5;78;35;0;0
284,84;8,5;4631,04;1454;14;272,94;295,24;277,3;74;35;0;0
285,6;8,49;4715,74;1470;14;273,99;295,82;279,9;73;31;0;0
286,03;8,5;4626,37;1486;14;273,13;296,83;276,2;78;36;0;0
286,82;8,5;4727,51;1502;14;276,29;295,97;277,6;79;32;0;0
281,01;8,49;4460,65;1518;15;269,2;294,94;294,3;52;40;0;0
282,84;8,5;4513,56;1534;15;271,79;293,52;288,5;75;39;0;0
283,22;8,5;4544,99;1550;15;273,23;290,26;285,8;83;38;0;0
284,31;8,5;4620,5;1566;15;273,33;293,25;275,5;82;35;0;0
284,81;8,5;4632,53;1582;15;274,09;292,39;280,6;81;35;0;0
285,5;8,5;4419,15;1598;15;274,56;293,23;285,7;75;46;0;0
281,46;8,49;4522,23;1614;16;269,49;296,51;295,3;52;37;0;0
282,22;8,5;4529,77;1630;16;270,83;292,24;287,8;71;38;0;0
283,78;8,5;4594,64;1646;16;272,66;292,42;284,6;82;36;0;0
283,69;8,5;4632,32;1662;16;272,66;293,23;278,1;76;34;0;0
284,89;8,5;4466,41;1678;16;272,27;295,11;289,9;72;43;0;0
284,83;8,5;4691,29;1694;16;273,81;294,11;280,5;79;32;0;0
279,44;8,5;4382,73;1710;17;268,24;293,08;291,6;63;43;0;0
281,51;8,5;4479,18;1726;17;270,26;291,22;285,4;71;40;0;0
282,2;8,5;4591,04;1742;17;271,12;290,52;279,5;82;35;0;0
283,77;8,5;4454,15;1758;17;272,27;292,08;287,9;75;43;0;0
284,79;8,5;4631,65;1774;17;274,38;293,67;274,7;75;35;0;0
285,07;8,5;4692,62;1790;17;275,53;292,11;282;75;32;0;0
279,66;8,49;4499,77;1806;18;268,24;290,9;290,6;56;37;0;0
282,34;8,51;4514,18;1822;18;271,12;292,21;285,1;66;39;0;0
283,07;8,5;4665,77;1838;18;271,69;292,37;280,3;75;32;0;0
282,67;8,5;4558,97;1854;18;272,55;291,35;273,4;73;37;0;0
283,31;8,51;4595,81;1870;18;273,13;290,13;279,1;85;36;0;0
284,15;8,51;4646,03;1886;18;274,85;291,12;277,5;80;34;0;0
284,11;8,53;4480,88;1902;18;274,74;289,85;284,9;89;43;0;0
280,4;8,5;4399,88;1918;19;268,82;289,05;288,4;59;43;0;0
282,72;8,49;4689,6;1934;19;272,37;290,1;287,3;77;30;0;0
282,61;8,5;4660,39;1950;19;272,55;291,25;277,7;78;32;0;0
283,32;8,5;4364,7;1966;19;274,56;290,39;285,9;83;47;0;0
283,19;8,52;4524,72;1982;19;273,31;290,83;286,1;76;40;0;0
284,38;8,51;4431,27;1998;19;274,28;291,41;286,2;88;45;0;0
280,23;8,49;4383,7;2014;20;267,96;295,65;294,8;49;43;0;0
282,3;8,49;4623,69;2030;20;269,11;295,38;290,2;62;33;0;0
284,22;8,5;4619,71;2046;20;271,69;295,39;285,8;70;35;0;0
284,81;8,49;4636,14;2062;20;272,66;294,65;280,8;70;34;0;0
284,72;8,49;4577,42;2078;20;272,08;294,09;285,3;76;37;0;0
285,08;8,5;4655,36;2094;20;273,52;294,25;285;76;34;0;0
280,02;8,49;4339,81;2110;21;268,53;296,38;295,8;51;45;0;0
282,38;8,5;4547,38;2126;21;269,97;296,24;290,3;69;37;0;0
284,22;8,5;4645,67;2142;21;271,98;295,12;287,2;87;34;0;0
283,92;8,5;4615,98;2158;21;271,98;294,11;280,5;83;35;0;0
284,77;8,5;4504,32;2174;21;272,94;294,09;287,9;67;41;0;0
284,29;8,51;4465,19;2190;21;271,98;292,81;288,3;79;43;0;0
280,9;8,5;4523,12;2206;22;268,63;295,65;295,2;42;37;0;0
281,51;8,5;4534,92;2222;22;269,39;294,51;288,7;66;37;0;0
282,94;8,49;4593,14;2238;22;270,54;294,38;282,7;71;35;0;0
284,11;8,5;4577,33;2254;22;272,27;294,53;280,4;73;37;0;0
284,76;8,5;4564,07;2270;22;273,23;293,98;281,9;87;38;0;0
284,42;8,51;4549,73;2286;22;272,94;292,68;287,8;85;39;0;0
284,83;8,5;4592,52;2302;22;272,84;293,39;284,1;80;37;0;0
276,09;8,51;4401,07;2696;26;261,44;290,86;270,1;102;40;7;163
279,6;8,49;4596,24;2712;27;267,48;292,5;292,7;58;32;0;0
280,8;8,5;4507,16;2728;27;269,97;293,54;285,5;74;38;0;0
282,18;8,52;4625,69;2744;27;271,59;294,4;279,8;83;34;0;0
284,02;8,51;4543,29;2760;27;272,08;295,56;280,6;88;39;0;0
278,1;8,5;4504,06;2776;27;262,21;294,55;280,8;78;36;7;150
283,51;8,51;4554,88;2792;27;273,23;292,55;278,6;90;38;0;0
274,06;8,49;4383,39;2808;28;259,34;294,65;293,5;51;38;5;138
281,85;8,5;4439,61;2824;28;270,35;295,53;289,6;71;42;0;0
283,62;8,5;4612,63;2840;28;271,79;296,25;286,6;74;35;0;0
277,59;8,49;4527,81;2856;28;262,88;294,11;279,9;80;34;6;148
280,39;8,49;4511,43;2872;28;261,15;294,25;285,6;73;37;6;178
278,3;8,52;4523,25;2888;28;261,93;290,01;285,1;95;36;7;169
280,47;8,49;4530,27;2904;29;268,63;293,34;292;52;36;0;0
276,51;8,49;4485,73;2920;29;259,43;291,25;282,1;81;35;5;166
282,8;8,5;4574,51;2936;29;272,66;291,95;272,7;78;36;0;0
284,55;8,51;4631,75;2952;29;273,13;292,55;280,4;85;35;0;0
284,79;8,51;4575,72;2968;29;275,06;291,54;279,5;84;38;0;0
284,76;8,5;4490,52;2984;29;275,53;290,96;280,2;87;42;0;0
282,57;8,52;4472,83;3000;29;276,5;286,75;276,1;107;42;0;0
280,01;8,49;4422,52;3016;30;269,2;291,9;291,2;50;41;0;0
281,72;8,5;4554,17;3032;30;269,97;292,21;283,8;69;36;0;0
282,12;8,51;4572,54;3048;30;271,51;291,25;273,8;89;36;0;0
282,79;8,51;4570,42;3064;30;273,13;290,42;275,4;95;37;0;0
283,77;8,51;4539,28;3080;30;273,23;291,12;280,5;95;39;0;0
283,65;8,52;4618,18;3096;30;273,99;290,13;277,8;92;36;0;0
280,37;8,49;4622,68;3112;31;268,34;290,9;289,7;51;31;0;0
281,54;8,5;4573,99;3128;31;269,78;291,38;281,2;74;35;0;0
282,6;8,5;4554,9;3144;31;270,64;291,82;279,4;86;37;0;0
282,82;8,51;4564,26;3160;31;272,27;290,01;278,5;93;37;0;0
282,75;8,51;4483,94;3176;31;273,23;289,82;278,9;87;41;0;0
281,16;8,54;4507,85;3192;31;273,88;285,77;274;113;40;0;0
279,65;8,5;4502,37;3208;32;268,05;292,79;293,3;53;37;0;0
281,98;8,49;4590,51;3224;32;270,35;291,93;282,5;69;34;0;0
282,77;8,49;4591,18;3240;32;271,79;291,22;276,6;75;35;0;0
283,28;8,5;4601,73;3256;32;272,08;292,11;279,5;84;35;0;0
282,94;8,52;4473,71;3272;32;272,66;290,55;278,8;87;42;0;0
282,79;8,52;4594,5;3288;32;272,84;289,03;278,4;102;36;0;0
279,92;8,49;4636,66;3304;33;267,38;291,48;291,9;56;30;0;0
282,15;8,49;4639,01;3320;33;269,68;293,94;286,8;67;32;0;0
282,32;8,5;4569,37;3336;33;270,83;290,96;273,3;82;36;0;0
282,32;8,5;4546,22;3352;33;271,4;289,08;279,3;83;37;0;0
282,66;8,51;4444,35;3368;33;273,23;288,05;280,5;112;43;0;0
281,72;8,52;4501,5;3384;33;271,69;287,76;282;105;40;0;0
281,91;8,56;4479,89;3400;33;272,63;288,09;279,3;122;43;0;0
280,23;8,48;4514,61;3416;34;268,05;289,91;295,5;87;36;0;0
282,58;8,5;4588,4;3432;34;269,97;294,36;287,6;61;35;0;0
283,86;8,5;4653,48;3448;34;271,89;293,67;282,7;73;33;0;0
284,85;8,5;4630,43;3464;34;271,98;294,67;287,6;72;35;0;0
283,62;8,52;4402,2;3480;34;271,12;294,55;289,5;82;46;0;0
283,83;8,53;4500,34;3496;34;273,31;289,72;281,8;95;42;0;0
280,39;8,5;4514,22;3512;35;268,92;290,07;293;80;37;0;0
282,51;8,51;4503,28;3528;35;270,16;293,52;289,8;62;40;0;0
284,71;8,5;4648,9;3544;35;272,27;296,25;283,4;79;34;0;0
285,27;8,5;4616,71;3560;35;273,41;293,96;277,9;76;36;0;0
284,39;8,51;4638,31;3576;35;272,55;291,15;285,5;88;35;0;0
285,4;8,5;4515,49;3592;35;274,38;291,8;284,2;77;41;0;0
280,34;8,49;4409,08;3608;36;268,44;294,07;293,3;54;42;0;0
283,26;8,49;4577,29;3624;36;270,64;294,8;288,1;62;36;0;0
283,91;8,49;4545,47;3640;36;272,37;292,08;284,9;73;38;0;0
284,42;8,49;4677,54;3656;36;272,08;294,82;284,9;81;32;0;0
285,11;8,5;4595,71;3672;36;273,52;292,99;284,2;86;37;0;0
284,45;8,52;4581,63;3688;36;275,42;290,42;277,1;116;38;0;0
279,92;8,51;4540,07;3704;37;268,44;292,5;291,9;56;36;0;0
281,55;8,5;4622,48;3720;37;269,87;292,11;282,3;76;33;0;0
283,85;8,5;4671,62;3736;37;271,79;295,26;279;81;32;0;0
282,95;8,51;4585,68;3752;37;271,98;292,42;273,9;98;36;0;0
283,01;8,51;4554,21;3768;37;273,13;291,69;271,9;98;38;0;0
282,61;8,52;4531,73;3784;37;274,38;289,19;271;105;39;0;0
282,72;8,51;4524,48;3800;37;273,81;290,29;270,8;101;39;0;0
280,08;8,49;4559,2;3816;38;268,53;291,03;289,5;53;34;0;0
281,46;8,5;4573,82;3832;38;271,22;291,25;281,1;78;35;0;0
281,33;8,5;4574,51;3848;38;271,79;289,24;275,2;81;35;0;0
282,21;8,52;4613,27;3864;38;273,13;290,29;275,2;94;35;0;0
283,4;8,52;4484,57;3880;38;273,41;291,46;272,1;108;42;0;0
281,81;8,52;4522,13;3896;38;273,52;289,19;268,1;112;39;0;0
280,03;8,49;4578,46;3912;39;268,92;290,62;288,7;53;33;0;0
281,32;8,49;4564,26;3928;39;269,88;291,67;281,8;74;35;0;0
282,6;8,5;4591,87;3944;39;272,18;292,66;276,3;78;35;0;0
283,18;8,51;4572,95;3960;39;273,41;291,72;272,4;93;37;0;0
282,01;8,51;4515,26;3976;39;274,96;289,56;270,7;102;39;0;0
281,84;8,51;4472,13;3992;39;273,41;287,56;271,3;97;41;0;0
280,25;8,5;4532,23;4008;40;268,63;293,94;292,6;59;36;0;0
282,28;8,5;4603,98;4024;40;270,64;295,09;287,5;67;34;0;0
277,95;8,49;4510,41;4040;40;260,58;294,82;280,8;74;35;5;164
276,47;8,5;4511,3;4056;40;261,35;294,55;277,9;87;34;7;148
277,46;8,49;4460,59;4072;40;261,44;294,13;279,5;92;37;6;147
283,69;8,5;4588,28;4088;40;271,4;293,23;278,2;75;36;0;0
280,53;8,49;4635,49;4104;41;268,63;291,93;287,2;61;31;0;0
277,46;8,49;4541,74;4120;41;259,14;292,21;281,2;69;33;5;175
277,77;8,49;4584,64;4136;41;260,58;293,39;280,5;76;31;5;161
282,53;8,51;4625,81;4152;41;271,12;292,26;273,7;88;34;0;0
284,23;8,52;4578,29;4168;41;273,13;294,13;276,1;97;38;0;0
284,76;8,5;4610,14;4184;41;274,28;291,56;276,9;89;36;0;0
285,14;8,51;4623,53;4200;41;275,82;292,26;273,2;89;36;0;0
279,87;8,49;4517,92;4216;42;268,24;290,07;288,9;65;36;0;0
282,57;8,5;4572,98;4232;42;270,83;292,53;283;73;36;0;0
283,81;8,5;4510,99;4248;42;271,79;292,68;279,6;83;40;0;0
284,72;8,5;4670,09;4264;42;272,84;296,1;277;75;33;0;0
283,85;8,52;4577,65;4280;42;273,88;292,39;269,8;84;38;0;0
285,09;8,51;4481,94;4296;42;275,03;292,29;272,6;99;43;0;0
279,67;8,5;4564,83;4312;43;269,11;288,92;287,6;66;34;0;0
281,79;8,49;4653,19;4328;43;270,93;290,8;281,1;70;31;0;0
282,54;8,5;4636,16;4344;43;272,08;291,54;275,8;86;33;0;0
282,94;8,51;4610,48;4360;43;273,52;292,13;273,9;94;35;0;0
282,87;8,51;4546,5;4943;49;274,28;292,55;274,2;87;38;0;0
282,16;8,53;4513,41;4959;49;273,7;291,02;271,8;113;40;0;0
282,62;8,51;4498,89;4975;49;274,96;290,13;270,6;100;40;0;0
278,61;8,51;4375,41;4991;49;261,35;290,71;268,8;96;43;6;190
279,26;8,49;4534;5007;50;268,92;290,36;282,7;68;35;0;0
280,11;8,5;4570,68;5023;50;269,49;290,39;279,7;77;34;0;0
281,04;8,52;4575,08;5039;50;271,4;290,45;276,7;98;36;0;0
275,18;8,51;4450,48;5055;50;260,95;290,17;270;106;37;7;165
281,23;8,53;4480,02;5071;50;273,7;289,76;269,7;111;41;0;0
280,29;8,54;4517,6;5087;50;273,81;288,09;267,9;139;39;0;0
276,27;8,52;4369,26;5103;50;260,86;288,3;265,8;108;42;7;188
278,83;8,5;4548,83;5119;51;267,96;291,64;287,3;64;34;0;0
281,49;8,51;4651,05;5135;51;270,16;295,11;283,1;68;32;0;0
281,11;8,5;4573,57;5151;51;272,18;291,56;272,2;101;35;0;0
275,88;8,51;4432,06;5167;51;261,44;290,89;270,8;111;38;6;163
274,7;8,52;4364,36;5183;51;260,86;290,48;267;117;41;6;163
272,52;8,53;4329,19;5199;51;258,93;287,4;263,4;131;42;8;173
278,76;8,49;4525,15;5215;52;268,34;290,49;285,7;64;35;0;0
280,09;8,51;4525,19;5231;52;269,68;291,67;280,9;73;37;0;0
279,91;8,52;4513,43;5247;52;271,12;289,6;270,9;97;38;0;0
278,75;8,53;4478,56;5263;52;272,37;287,2;265,7;115;39;0;0
273,1;8,53;4411,7;5279;52;260,2;288,21;266,6;124;38;6;162
274,27;8,52;4346,03;5295;52;258,48;286,95;264,8;125;42;6;182
278,72;8,49;4541,15;5311;53;267,77;289,46;285,7;60;34;0;0
281,03;8,49;4599,09;5327;53;270,64;292,37;278,7;79;33;0;0
280,66;8,51;4529,81;5343;53;271,69;290,55;273,3;93;37;0;0
279,52;8,52;4484,84;5359;53;271,51;288,9;267,8;118;39;0;0
273,73;8,52;4356,82;5375;53;259,92;288,21;265;123;41;7;170
273,24;8,52;4345,07;5391;53;260,29;287,52;264,5;120;41;7;168
279,2;8,5;4501,02;5407;54;267,38;293,94;292,4;63;37;0;0
281,91;8,5;4538,1;5423;54;270,93;294,8;286;67;37;0;0
282,85;8,5;4622,37;5439;54;271,98;296,4;279,8;81;34;0;0
277,66;8,5;4491,71;5455;54;262,3;295,56;276,6;91;36;5;150
282,18;8,5;4571,49;5471;54;273,05;291,82;271,7;89;36;0;0
282,08;8,52;4527,89;5487;54;272,55;292,44;270,5;108;39;0;0
276,74;8,51;4395,54;5503;54;262,3;292,44;270,1;107;41;6;163
278,23;8,5;4378;5519;55;267,38;292,34;291;51;42;0;0
280,78;8,5;4483,95;5535;55;268,82;293,96;284,5;75;39;0;0
282,07;8,5;4569,99;5551;55;270,73;295,11;278,6;79;36;0;0
281,68;8,51;4547,97;5567;55;272,27;292,71;272,8;86;37;0;0
281,7;8,51;4511,85;5583;55;272,55;291,28;270,6;95;39;0;0
274,39;8,51;4412,94;5599;55;261,15;291,43;268,4;108;38;7;151
278,96;8,49;4526,97;5615;56;268,63;290,93;283,7;71;35;0;0
280,94;8,5;4508,92;5631;56;269,78;293,54;281,2;77;38;0;0
275,1;8,5;4476,09;5647;56;259,63;293,56;274,5;91;35;7;147
274,1;8,51;4349,56;5663;56;261,15;292,16;268,9;111;41;6;144
280,24;8,53;4529,06;5679;56;272,94;288,33;268,7;110;38;0;0
274,12;8,52;4384,8;5695;56;260,86;288,78;267,2;124;40;7;162
277,88;8,49;4309,67;5711;57;267,1;291,77;290,5;57;45;0;0
280,21;8,51;4521,46;5727;57;270,07;291,54;283,6;80;37;0;0
281,23;8,5;4615,86;5743;57;271,51;293,83;277,7;86;33;0;0
280,85;8,51;4559,03;5759;57;271,79;291,31;270,9;102;36;0;0
280,55;8,52;4519,45;5775;57;273,13;289,47;267,8;107;38;0;0
274,79;8,52;4432,07;5791;57;261,44;289,76;266,1;120;38;6;165
278,76;8,49;4575,76;5807;58;267,77;292,06;290,6;54;32;0;0
281,32;8,5;4513,16;5823;58;270,54;294,82;284,1;70;38;0;0
280,96;8,5;4567,48;5839;58;271,69;290,42;276,6;91;35;0;0
275,31;8,5;4435,01;5855;58;261,73;293,98;272,4;89;37;7;146
275,86;8,5;4467,15;5871;58;260,2;292,13;267,8;98;36;7;167
279,46;8,53;4489,95;5887;58;273,05;287,93;264,2;125;39;0;0
274,55;8,52;4390,87;5903;58;258,48;287,93;263,1;122;40;7;186
278,26;8,49;4530,83;5919;59;266,9;291,22;286,7;60;34;0;0
279,03;8,5;4519,57;5935;59;268,24;289,08;279,3;75;36;0;0
281,77;8,5;4577,46;6329;63;270,26;295,95;285,4;68;35;0;0
282,1;8,51;4612,1;6345;63;271,4;294,97;278,3;81;34;0;0
282,36;8,51;4601,93;6361;63;272,55;294,7;273,7;88;35;0;0
282,39;8,52;4547,31;6377;63;272,55;292,16;271,6;108;38;0;0
281,91;8,52;4464,07;6393;63;272,66;291,87;271,8;102;42;0;0
271,11;8,49;4493,09;6409;64;258,19;292,79;288,2;63;30;7;122
280,26;8,5;4599,18;6425;64;269,68;292,37;280,9;73;33;0;0
274,04;8,52;4491,95;6441;64;260,12;291,72;275,3;90;34;6;143
280,25;8,52;4459,88;6457;64;271,98;289,88;269,5;113;41;0;0
280,38;8,53;4568,39;6473;64;272,66;290,32;268,2;111;36;0;0
272,69;8,53;4305,55;6489;64;259,71;288,37;262,2;133;43;6;163
278,36;8,49;4559,09;6505;65;267,1;291,06;286,7;62;33;0;0
280,22;8,5;4555,24;6521;65;270,35;291,38;280,6;77;35;0;0
281,09;8,52;4568,22;6537;65;272,08;291,43;274,7;104;36;0;0
280,45;8,52;4525,22;6553;65;272,66;290,74;269,4;105;38;0;0
274,94;8,51;4405,19;6569;65;260,29;291,18;267,2;111;39;7;162
274,5;8,54;4408,1;6585;65;260,2;288,25;266,3;124;40;6;178
274,17;8,52;4419,62;6601;65;259,71;287,93;266,7;118;38;7;175
270,83;8,49;4429,79;6617;66;257,91;291,32;289;49;33;7;129
280,11;8,5;4472,23;6633;66;269,11;292,5;283,4;68;39;0;0
281,29;8,5;4610,33;6649;66;271,79;290,71;278,1;83;33;0;0
281,17;8,52;4548,14;6665;66;271,98;290,71;271,3;94;37;0;0
281,03;8,53;4536,71;6681;66;272,55;290,04;270,3;107;38;0;0
280,62;8,53;4493,51;6697;66;271,98;288,74;270,1;102;40;0;0
278,28;8,49;4552,33;6713;67;267,1;290,62;288,3;56;33;0;0
280,7;8,5;4543,51;6729;67;269,39;293,36;283,4;69;36;0;0
280,28;8,51;4589,44;6745;67;270,93;291,12;273,4;90;34;0;0
279,94;8,52;4531,95;6761;67;271,02;289,6;269,7;110;37;0;0
279,75;8,53;4517,97;6777;67;272,84;288,17;268,2;107;38;0;0
279,31;8,53;4516,59;6793;67;271,69;288,65;265,8;118;38;0;0
278,51;8,5;4463,55;6809;68;267,1;295,07;294,2;54;38;0;0
281,45;8,49;4624,25;6825;68;269,49;295,09;286,2;64;32;0;0
282,01;8,5;4581,4;6841;68;271,51;294,97;275,7;78;35;0;0
282,55;8,49;4565,52;6857;68;272,37;295,39;273,7;86;36;0;0
282,37;8,51;4586,69;6873;68;271,88;293,41;272,1;88;36;0;0
282,69;8,51;4582,1;6889;68;272,66;295,12;270,1;89;36;0;0
279,27;8,49;4573,79;6905;69;267,1;293,5;291,5;49;33;0;0
281,33;8,5;4589,47;6921;69;269,68;295,24;284,1;70;34;0;0
283,03;8,5;4599,54;6937;69;271,79;297,25;276,6;75;35;0;0
281,81;8,52;4498,43;6953;69;271,4;292,99;272,4;99;40;0;0
282,04;8,51;4595,24;6969;69;272,66;293,12;271,6;94;35;0;0
282,25;8,51;4497,92;6985;69;273,52;291,41;270,1;92;40;0;0
281,83;8,53;4508,92;7001;69;273,41;289,6;269,6;103;40;0;0
279,32;8,5;4478,92;7017;70;267,67;291,35;288,7;62;38;0;0
280,97;8,5;4565,93;7033;70;270,35;293,94;281,8;68;35;0;0
281,62;8,51;4630,92;7049;70;270,93;292,97;277,5;86;33;0;0
282,13;8,51;4558,89;7065;70;272,76;292,42;274,6;97;37;0;0
281,45;8,52;4517,74;7081;70;272,84;290,74;269,5;104;39;0;0
281,43;8,53;4487,97;7097;70;273,99;290,29;267,4;104;41;0;0
278,94;8,5;4509,56;7113;71;267,38;290,07;288,4;66;36;0;0
281,18;8,49;4624,96;7129;71;270,64;293,23;283,7;69;32;0;0
281,57;8,51;4564,8;7145;71;270,54;293,67;275,4;82;36;0;0
281,78;8,51;4588,93;7161;71;272,66;292,99;270,7;96;35;0;0
281,61;8,52;4577,77;7177;71;272,27;292,31;270,1;111;36;0;0
280,65;8,53;4515,86;7193;71;274,09;289,63;267,6;118;39;0;0
269,08;8,49;4283,49;7209;72;257,41;290,49;289,4;55;39;8;114
279,75;8,51;4518,08;7225;72;269,68;291,69;283,5;77;37;0;0
280,24;8,51;4583,96;7241;72;270,93;291,85;274;83;34;0;0
280,6;8,5;4526,52;7257;72;270,83;290,55;270,4;96;37;0;0
280,19;8,52;4497,01;7273;72;271,69;290,29;269;101;39;0;0
279,67;8,53;4500,55;7289;72;272,37;288,78;268,4;117;39;0;0
277,55;8,5;4426,96;7305;73;267,38;289,62;289,4;55;39;0;0
279,32;8,5;4441,51;7321;73;268,53;289,66;281,3;79;40;0;0
280,75;8,5;4563,25;7337;73;270,54;292,39;274,4;81;35;0;0
280,11;8,51;4543,23;7353;73;271,51;289,76;270,4;106;36;0;0
280,63;8,51;4516,12;7369;73;272,08;289,63;269,9;109;38;0;0
279,24;8,53;4489,39;7385;73;270,73;286,71;266,4;96;39;0;0
277,71;8,56;4473,88;7401;73;272,27;286,43;262,8;137;40;0;0
269;8,49;4386,09;7417;74;256,18;288,92;286,9;63;34;7;124
279,43;8,5;4440,05;7433;74;269,11;290,23;282,7;73;40;0;0
280,15;8,51;4584,4;7449;74;271,51;291,12;272,7;93;34;0;0
279,06;8,53;4507,58;7465;74;270,83;288,62;268,6;104;38;0;0
278,96;8,54;4534,51;7481;74;271,59;288,21;267,9;116;37;0;0
278,1;8,54;4466,93;7497;74;272,27;286,38;264,4;125;40;0;0
278,27;8,5;4502,78;7513;75;268,15;291,03;288,4;45;36;0;0
280,82;8,5;4504,98;7529;75;269,97;292,94;284,8;71;38;0;0
281,35;8,51;4585,26;7545;75;272,37;292,55;274,8;94;35;0;0
280,78;8,52;4581,61;7561;75;272,55;290,89;271,1;111;35;0;0
274,07;8,5;4460,45;7577;75;262,01;292;269,8;108;35;7;143
274,75;8,52;4410,89;7593;75;260,86;291,62;271,2;122;39;6;152
278,92;8,5;4574,62;7609;76;267,1;291,19;286,2;55;33;0;0
280,57;8,49;4575,92;7625;76;270,74;292,66;281,6;70;34;0;0
281,35;8,51;4549,43;7641;76;271,79;291,98;273,6;83;37;0;0
281,52;8,52;4575,97;7657;76;272,37;291,59;271,7;105;36;0;0
282,07;8,51;4514,91;8240;82;272,84;291,25;277,1;85;39;0;0
281,18;8,53;4543,65;8256;82;273,52;290,04;270,8;112;38;0;0
280,17;8,53;4550,39;8272;82;273,13;287,48;269,4;116;37;0;0
281,45;8,52;4539,15;8288;82;274,09;288,99;268,2;101;38;0;0
279,15;8,49;4571,91;8304;83;268,34;291,35;286,3;61;33;0;0
280,87;8,5;4483,89;8320;83;269,49;293,52;281,7;71;39;0;0
275,72;8,5;4501,17;8336;83;261,64;295,26;278,9;80;34;6;137
274,88;8,51;4457,08;8352;83;261,15;292,86;273,6;92;36;8;146
281,99;8,52;4546,35;8368;83;272,55;292,44;272;107;38;0;0
274,93;8,52;4350,13;8384;83;261,35;291,59;271,8;112;42;6;151
275,85;8,51;4395,11;8400;83;262,1;290,61;268,9;116;40;7;163
279,3;8,49;4614,36;8416;84;267,38;292,66;289;64;31;0;0
280,76;8,5;4482,39;8432;84;269,39;292,94;281,3;72;39;0;0
281,84;8,5;4524,01;8448;84;271,51;293,14;275,1;95;38;0;0
274,03;8,52;4476,5;8464;84;260,2;290,92;271,4;112;35;6;149
274,37;8,53;4472,88;8480;84;260,2;290,77;270,7;112;36;7;157
273,75;8,52;4418,66;8496;84;259,43;288,94;268,4;124;38;7;168
279,08;8,49;4630,8;8512;85;268,05;293,08;289,4;55;30;0;0
280,63;8,5;4544,65;8528;85;268,34;293,96;283;75;36;0;0
281,42;8,52;4591,83;8544;85;271,12;293,28;277,1;91;35;0;0
274,27;8,51;4430,72;8560;85;259,92;291,87;272,5;99;37;8;149
274,73;8,51;4443,91;8576;85;261,15;292,16;269,9;113;37;8;153
275,03;8,51;4402,77;8592;85;260,37;292,44;270,9;118;39;8;157
278,4;8,49;4414,59;8608;86;267,77;291,64;289,9;49;40;0;0
281,06;8,5;4570,18;8624;86;269,78;294,25;284,4;68;35;0;0
274,32;8,5;4326,11;8640;86;260,78;292,71;274,7;94;42;6;142
273,96;8,52;4412,78;8656;86;260,2;293,01;272,6;107;38;6;146
274,59;8,51;4439,22;8672;86;260,2;291,46;272,4;124;37;7;151
274,06;8,52;4454,94;8688;86;259,92;290,61;270,3;112;36;6;155
279,12;8,5;4554,58;8704;87;268,05;293,52;292;50;34;0;0
281,58;8,5;4574,69;8720;87;270,83;294,38;283;72;35;0;0
281,57;8,51;4525,28;8736;87;272,37;292,11;278,4;87;38;0;0
280,42;8,53;4549,67;8752;87;271,88;290,17;272,2;106;37;0;0
281,89;8,51;4496,79;8768;87;272,66;292;271,5;98;40;0;0
280,56;8,53;4492,47;8784;87;273,41;288,78;268,6;116;40;0;0
275,62;8,52;4419,93;8800;87;259,83;290,32;271,3;110;39;7;167
278,9;8,49;4567,98;8816;88;268,05;292,08;288,7;59;33;0;0
280,79;8,5;4560,43;8832;88;270,64;293,23;282,1;73;35;0;0
280,51;8,52;4560,9;8848;88;271,12;290,99;274,4;96;36;0;0
280,3;8,52;4555,83;8864;88;271,59;289,31;270,2;99;36;0;0
279,75;8,52;4507,7;8880;88;271,69;288,46;268,2;107;38;0;0
279,35;8,53;4434,22;8896;88;272,27;287,24;265,9;122;42;0;0
278,68;8,49;4464,57;8912;89;267,67;292,79;289,8;57;38;0;0
281,17;8,5;4528,45;8928;89;269,68;292,79;280,6;68;37;0;0
279,89;8,51;4543,09;8944;89;270,83;289,6;270,3;105;36;0;0
279,67;8,52;4491,25;8960;89;272,37;289,6;268,4;107;39;0;0
273,85;8,53;4345,02;8976;89;258,77;288,21;267,4;112;42;6;171
274,41;8,52;4421,99;8992;89;259,92;289,76;271;114;38;6;163
279,08;8,49;4466,61;9008;90;267,67;294,07;292,7;54;38;0;0
273,84;8,48;4415,51;9024;90;260;296,82;287,2;65;36;7;124
282,78;8,5;4633,41;9040;90;271,12;297,25;279,6;76;33;0;0
275,77;8,49;4436,69;9056;90;262,3;294,27;274,7;94;37;6;142
274,93;8,49;4442,35;9072;90;260,49;293,67;273,8;84;36;6;140
276,68;8,5;4459,99;9088;90;260,86;293,41;271,4;97;37;7;164
279,42;8,49;4515,52;9104;91;268,63;293,23;290;64;36;0;0
281,96;8,49;4638,38;9120;91;270,35;295,66;286,8;65;32;0;0
274,82;8,49;4453;9136;91;261,24;294,95;278,3;78;35;8;135
282,18;8,51;4557,37;9152;91;272,94;292,99;274,1;92;37;0;0
275,45;8,51;4427,93;9168;91;261,06;292,16;271,6;100;38;7;154
274,63;8,51;4378,89;9184;91;260,49;292,03;271,3;109;40;7;147
275,67;8,5;4448,36;9200;91;260,29;292;269;107;37;7;163
279,88;8,49;4639,31;9216;92;268,63;292,53;291,9;73;30;0;0
282,25;8,49;4558,46;9232;92;270,54;296,24;286,6;67;36;0;0
282,61;8,49;4604,76;9248;92;271,69;295,11;279;79;34;0;0
282,19;8,51;4578,22;9264;92;271,12;294,42;274,3;92;36;0;0
274,61;8,5;4450,68;9280;92;260,49;291,72;272,6;101;36;7;148
276,03;8,49;4397,67;9296;92;260,58;293,1;271,4;91;39;6;154
279,29;8,5;4495,31;9312;93;268,34;292,79;291;53;37;0;0
281,95;8,5;4558,97;9328;93;270,26;295,39;286,3;67;36;0;0
281,57;8,51;4569,36;9344;93;270,73;293,12;277,6;86;36;0;0
281,1;8,51;4536,52;9360;93;271,61;291,43;273;109;37;0;0
274,52;8,51;4452,08;9376;93;259,34;291,31;270,2;102;36;6;154
275,11;8,5;4396,6;9392;93;259,63;291,72;272,4;98;39;7;157
278,99;8,5;4552,01;9408;94;267,38;291,48;287,6;61;34;0;0
281,09;8,49;4625,14;9424;94;270,07;293,81;283,9;72;32;0;0
281,47;8,51;4505,32;9440;94;271,89;292,42;275,9;89;39;0;0
281,12;8,52;4527,7;9456;94;271,98;290,71;273,5;96;38;0;0
280,86;8,53;4436,23;9472;94;272,66;289,76;271,4;119;43;0;0
280,29;8,53;4486,97;9488;94;272,27;287,6;267,9;106;40;0;0
278,39;8,5;4521,74;9504;95;268,05;290,62;287;58;35;0;0
280,89;8,51;4620,45;9520;95;269,97;292,97;283,3;72;33;0;0
281;8,51;4540,14;9536;95;271,12;291,28;274,8;94;37;0;0
280,51;8,52;4537,61;9552;95;271,69;290,01;272,3;106;37;0;0
280,64;8,51;4490,85;9568;95;271,89;289,15;270,3;99;39;0;0
280,49;8,54;4546,18;9962;99;273,31;288,78;272,8;107;38;0;0
279,55;8,54;4509,75;9978;99;272,37;287,52;268,6;119;39;0;0
279,75;8,53;4499,86;9994;99;272,94;286,46;269,2;102;39;0;0
277,81;8,51;4529,56;10010;100;266,52;291,06;289,1;51;35;0;0
279,52;8,51;4449,89;10026;100;269,11;289,37;279;76;40;0;0
278,97;8,52;4578,83;10042;100;270,35;287,93;273,4;114;34;0;0
272,99;8,5;4384,58;10058;100;259,05;291,31;277,1;94;38;7;138
273,54;8,51;4401,23;10074;100;258,77;289,63;271,6;104;38;7;158
273,85;8,51;4447,82;10090;100;258,48;288,9;270;105;36;7;161
268,33;8,49;4351;10106;101;257,33;290,07;288,7;61;35;9;113
278,68;8,5;4454,59;10122;101;268,15;289,94;280,9;77;39;0;0
280,79;8,51;4552,28;10138;101;270,64;291,38;276,8;79;36;0;0
280,13;8,52;4517,06;10154;101;271,12;290,17;273,1;103;38;0;0
273,61;8,52;4347,04;10170;101;259,05;288,74;270,8;97;41;6;157
275,05;8,51;4439,03;10186;101;260,2;290,71;271,4;93;37;7;159
274,32;8,51;4411,92;10202;101;259,14;290,17;269,3;107;38;6;163
269,24;8,49;4406,16;10218;102;257,33;289,05;287;52;33;7;116
279,53;8,51;4510,41;10234;102;268,82;290,1;280,7;76;37;0;0
280,04;8,51;4524,58;10250;102;269,97;290,68;275,4;90;37;0;0
272,58;8,52;4414,72;10266;102;258,11;289,19;271,3;106;37;7;152
273,67;8,51;4423,74;10282;102;259,05;288,55;271,3;92;37;6;157
275,48;8,5;4438,33;10298;102;260,86;290,71;270,9;97;37;7;162
270,12;8,49;4324,88;10314;103;257,12;289,18;286,4;64;38;6;138
279,21;8,51;4443,49;10330;103;269,11;289,53;278,6;76;40;0;0
274,19;8,49;4486,5;10346;103;261,24;290,83;273,4;93;33;6;146
279,8;8,52;4608,71;10362;103;270,54;289,88;271,9;102;33;0;0
273,15;8,53;4433,71;10378;103;259,34;288,65;269,8;113;37;8;159
274,17;8,52;4415,69;10394;103;258,85;287,89;266;100;38;7;177
278,57;8,5;4524,41;10410;104;267,67;291,22;289,2;64;35;0;0
279,86;8,51;4539,1;10426;104;269,39;290,39;279;85;36;0;0
281,7;8,5;4502,93;10442;104;270,64;293,83;276,4;81;39;0;0
275,24;8,5;4472,98;10458;104;260,69;294,11;275,6;85;35;8;141
275,94;8,49;4420,18;10474;104;260,86;292,42;272,3;98;38;6;156
275,11;8,51;4409,95;10490;104;259,05;292,44;272,4;105;39;7;156
278,71;8,49;4622,85;10506;105;267,48;290,78;289,2;56;30;0;0
280,08;8,49;4460,46;10522;105;269,78;290,26;279;88;39;0;0
280,74;8,52;4529,95;10538;105;270,54;292,6;274,8;107;38;0;0
274,45;8,51;4390,58;10554;105;261,15;293,01;273;104;39;7;143
274,5;8,51;4435,09;10570;105;260,86;292,31;271,1;106;37;8;145
273,47;8,52;4353,23;10586;105;259,92;290,89;269,5;110;41;6;151
274,98;8,49;4406,7;10602;105;260,66;291,72;270;105;38;8;158
279,44;8,49;4587,24;10618;106;268,05;291,93;285,7;65;32;0;0
280,03;8,51;4499,73;10634;106;269,78;291,54;278,7;81;38;0;0
280,69;8,51;4535,02;10650;106;270,83;291,12;274;94;37;0;0
280,91;8,53;4533,92;10666;106;271,98;292,03;272,1;115;38;0;0
275,46;8,52;4458,38;10682;106;260,29;290,89;270,6;110;37;7;168
279,62;8,54;4504,66;10698;106;272,94;287,36;266,8;120;39;0;0
272,54;8,49;4419,39;10714;107;257,62;291,51;287,6;64;35;6;141
279,38;8,49;4495,44;10730;107;260,66;292,08;279,8;79;37;4;229
279,45;8,52;4524,37;10746;107;270,54;289,76;271,7;106;37;0;0
273,6;8,51;4400,3;10762;107;260,78;292,03;272,6;104;38;6;141
274,49;8,52;4403,84;10778;107;261,44;291,62;267,4;116;39;6;151
276,46;8,51;4411,66;10794;107;261,44;291,46;268,7;113;40;5;177
271,94;8,49;4505,35;10810;108;257,82;293,5;288,7;59;30;6;125
280,29;8,5;4538,69;10826;108;270,07;291,82;280,7;77;36;0;0
280,08;8,51;4466,5;10842;108;271,51;290,71;270,2;106;40;0;0
280,91;8,52;4523,39;10858;108;271,4;292,31;271,3;108;38;0;0
280,48;8,52;4485,28;10874;108;271,51;292,16;270,4;110;40;0;0
280,99;8,53;4556,74;10890;108;272,27;291,43;268,1;103;37;0;0
279,2;8,49;4584,02;10906;109;266,9;292,63;288,9;52;32;0;0
280,06;8,5;4495,22;10922;109;269,68;291,38;281,3;67;38;0;0
274,42;8,49;4446,91;10938;109;260,86;292,24;274,3;82;35;7;142
273,83;8,5;4453,13;10954;109;259,63;291,12;271,2;98;35;7;150
283;8,51;4568,65;382;3;274,09;290,71;283,2;90;37;0;0
278,25;8,5;4463,53;398;3;262,59;292,24;281,2;83;38;6;169
278,72;8,5;4348,15;414;4;267,67;291,06;289,6;59;44;0;0
280,16;8,5;4517,06;430;4;269,11;290,1;286,1;80;37;0;0
281,45;8,49;4526,79;446;4;270,93;291,22;282,4;73;37;0;0
281,55;8,51;4508,48;462;4;271,79;290,86;280;91;39;0;0
280,83;8,52;4568,26;478;4;271,98;289,19;275,3;109;36;0;0
280,31;8,52;4541,31;494;4;271,98;288,74;271,6;103;37;0;0
278,57;8,5;4408,85;510;5;268,34;292,19;291,7;47;41;0;0
279,75;8,51;4473,77;526;5;269,68;289,18;285,4;61;39;0;0
281,67;8,51;4569,23;542;5;271,12;293,67;282;73;36;0;0
274,63;8,49;4476,51;558;5;260,86;292,11;278,9;87;34;7;138
281,27;8,52;4573,7;574;5;271,4;290,58;276,1;99;36;0;0
274,53;8,5;4422,77;590;5;261,06;291,25;277,2;87;37;6;141
278,82;8,5;4393,93;606;6;267,67;293,36;294,2;57;42;0;0
281,07;8,5;4490,65;622;6;268,24;294,82;289,3;68;39;0;0
274,38;8,49;4454,45;638;6;261,93;294,11;282,6;84;35;8;124
274,72;8,48;4487,74;654;6;262,88;293,25;277,8;89;33;7;127
274,89;8,5;4507,78;670;6;262,21;293,69;278,1;86;33;8;130
274,89;8,51;4464,74;686;6;260,78;292,6;274,3;108;36;7;140
275,77;8,5;4489,58;702;6;261,24;292,86;273,3;102;35;7;154
273,87;8,49;4205,52;718;7;259,54;294,51;293,5;56;47;5;152
281,02;8,5;4490,95;734;7;269,11;294,09;287,4;68;39;0;0
273,52;8,5;4382,68;750;7;262,88;293,96;281,7;80;38;8;118
274,89;8,49;4444,43;766;7;260,86;293,41;277,1;89;36;8;136
276,55;8,49;4445,96;782;7;262,5;293,54;279;82;37;8;143
275,86;8,53;4472,84;798;7;260,98;291,75;276,3;93;37;7;159
271,83;8,49;4171,37;814;8;259,71;291,22;294,2;83;47;6;128
272,92;8,5;4354,64;830;8;261,06;293,81;288,6;71;39;7;119
274,41;8,48;4439,4;846;8;261,73;294,8;283,7;71;35;6;121
274,55;8,49;4496,91;862;8;262,3;293,41;279,6;86;33;7;126
275,49;8,5;4460,78;878;8;262,21;294;277,8;91;36;7;136
276,35;8,49;4438,66;894;8;261,44;293,69;274,1;97;37;7;147
273,47;8,48;4330,7;910;9;258,77;295,05;294,8;43;40;5;146
280,54;8,5;4523,35;926;9;270,35;291,77;287,5;60;37;0;0
281,75;8,5;4644,82;942;9;271,22;292,37;283,7;70;32;0;0
274,7;8,5;4425,03;958;9;262,3;292,97;280,7;80;37;7;134
274,7;8,5;4408,87;974;9;262,21;292,26;278,1;87;38;7;138
274,52;8,5;4460,38;990;9;260,86;291,41;274,3;91;35;7;146
272,05;8,49;4315,55;1006;10;258,48;293,21;292,9;55;40;5;131
274,14;8,49;4351,4;1022;10;259,05;290,23;285,8;66;40;7;152
281,63;8,5;4642,07;1038;10;272,08;292,68;282,3;73;32;0;0
274,71;8,5;4428,12;1054;10;261,64;293,69;278,4;85;37;6;131
274,88;8,5;4450,86;1070;10;261,73;291,98;275;86;36;7;144
273,87;8,51;4407,16;1086;10;261,06;288,62;269,9;107;38;6;152
273,26;8,52;4440,79;1102;10;259,83;288,78;270;116;36;6;154
279,37;8,51;4349,24;1118;11;268,44;296,53;296;48;45;0;0
275,5;8,49;4448,22;1134;11;261,06;296,51;289,7;59;36;7;133
275;8,49;4440,25;1150;11;263,45;295,68;286;72;36;8;115
275,35;8,49;4506,18;1166;11;264,89;294,69;279,3;79;33;8;120
275,39;8,5;4496,4;1182;11;262,5;295,12;276;89;34;7;130
275,57;8,5;4464,16;1198;11;262,59;294,13;273,2;89;36;6;141
273,17;8,49;4406,81;1214;12;258,85;296,09;295,5;52;36;6;132
274,06;8,49;4425,24;1230;12;262,88;295,82;288,1;62;36;7;111
275,63;8,49;4452,48;1246;12;264,22;295,97;283,4;73;36;7;116
275,81;8,49;4489,73;1262;12;262,79;294,38;280,8;72;34;5;126
277,54;8,5;4487,46;1278;12;262,01;294,84;278;83;36;6;159
274,9;8,51;4419,27;1294;12;260,2;293,85;272,8;99;38;7;143
279,67;8,5;4465,48;1310;13;268,82;294,21;293,5;42;39;0;0
274,3;8,49;4409,96;1326;13;261,06;293,81;287,4;67;37;7;130
282,4;8,5;4552,25;1342;13;271,12;294,67;282,7;73;37;0;0
275,04;8,49;4484,11;1358;13;261,64;294,69;279,1;79;34;8;129
275,85;8,49;4431,32;1374;13;262,3;293,54;277,3;87;37;6;143
275,96;8,51;4433,34;1390;13;263,16;293,12;273,1;94;38;7;148
270,85;8,49;4290,72;1406;14;258,65;292,66;292;54;40;6;123
280,48;8,51;4444,38;1422;14;270,93;291,95;286,8;77;41;0;0
281,48;8,5;4498,55;1438;14;271,12;293,1;282,2;74;39;0;0
273,99;8,5;4456,89;1454;14;260,78;292,99;275,4;91;35;8;134
274,17;8,5;4442,69;1470;14;261,06;291,72;272,6;95;36;8;143
274,54;8,51;4454,54;1486;14;260,49;291,02;271;98;36;8;151
273,66;8,53;4361,89;1502;14;260,2;289,63;266,2;114;41;6;160
277,85;8,5;4294,2;1518;15;268,15;291,48;290,9;53;46;0;0
280,74;8,49;4432,31;1534;15;270,07;291,35;284,4;74;41;0;0
280,89;8,51;4558,59;1550;15;270,54;291,54;282,9;79;36;0;0
281,31;8,5;4555,25;1566;15;271,4;291,82;278;84;36;0;0
281,22;8,51;4587,43;1582;15;271,98;291,72;273,6;95;35;0;0
280,51;8,51;4532,73;1598;15;273,23;289,31;270,3;103;37;0;0
278,77;8,49;4504,28;1614;16;267,48;292,19;291,6;45;36;0;0
280,39;8,5;4436,03;1630;16;269,68;291,8;284,8;67;41;0;0
280,72;8,51;4589,64;1646;16;270,83;291,67;279;77;34;0;0
280,75;8,51;4577,1;1662;16;271,12;291,69;274,1;84;35;0;0
274,26;8,5;4441,32;1678;16;261,73;291,85;270,9;91;36;7;143
274,12;8,51;4387,88;1694;16;259,14;288,74;269,5;99;39;5;163
269,23;8,49;4229,44;1710;17;259,63;296,09;295,9;47;42;7;98
281,08;8,5;4549,3;1726;17;269,78;294,53;288,8;72;36;0;0
282,34;8,5;4608,88;1742;17;270,54;295,68;286;70;34;0;0
282,6;8,5;4639,03;1758;17;271,4;295,53;281,9;77;33;0;0
274,71;8,5;4427,63;1774;17;261,35;294,84;274,9;89;37;7;132
274,76;8,5;4453,46;1790;17;262,59;294,57;272,7;98;36;7;132
278,71;8,49;4354,72;1806;18;266,23;295,07;294,9;58;43;0;0
273,43;8,5;4368,3;1822;18;260,78;294,95;288,7;61;39;7;120
282,34;8,5;4591,53;1838;18;269,97;296,68;284,7;72;35;0;0
276,56;8,48;4479,18;1854;18;262,01;297,83;280,8;78;35;6;136
275,25;8,5;4520,02;1870;18;261,93;295,85;278;83;33;8;131
275,37;8,5;4477,04;1886;18;261,44;295,85;275,3;91;35;7;133
273,65;8,52;4429,84;1902;18;260,86;292,47;271;117;37;6;145
278,81;8,49;4365,52;1918;19;267,67;294,36;294,1;51;43;0;0
282,29;8,5;4629,04;1934;19;269,68;297,1;287;65;33;0;0
281,78;8,51;4609,45;1950;19;271,69;293,69;280;83;34;0;0
282,58;8,5;4614,86;1966;19;272,08;294,69;277,6;83;34;0;0
276,19;8,49;4460,77;1982;19;262,39;294,57;274,8;104;36;6;140
275,54;8,5;4441,94;1998;19;261,73;293,69;271,7;90;37;8;145
279,75;8,5;4481,86;2014;20;268,34;295,07;294,6;41;38;0;0
274,88;8,49;4422,54;2030;20;260,49;294,38;288,7;63;37;6;137
282,92;8,5;4663,78;2046;20;271,4;295,41;280,6;81;32;0;0
282,27;8,51;4457,41;2251;22;272,27;292,26;280,7;88;42;0;0
281,91;8,52;4497,7;2267;22;273,52;292,57;274,9;99;40;0;0
281,28;8,53;4539,45;2283;22;272,55;291,18;274,2;113;38;0;0
280,6;8,52;4484,61;2299;22;272,27;288,71;271;99;40;0;0
277,33;8,5;4329,61;2315;23;266,23;291,19;289,2;59;44;0;0
279,53;8,5;4520,83;2331;23;271,22;285,89;280;66;36;0;0
280,35;8,51;4569,13;2347;23;269,68;290,96;277,7;94;35;0;0
280,04;8,52;4538,56;2363;23;271,12;291,31;271,7;110;37;0;0
274,25;8,52;4376,5;2379;23;260,2;291,02;271;99;40;6;151
273,73;8,52;4335,33;2395;23;259,05;286,95;265,5;117;42;7;174
278,9;8,49;4486,92;2411;24;266,81;297,52;297,5;42;37;0;0
280,51;8,5;4519,32;2427;24;268,82;294,36;288,1;63;37;0;0
274,75;8,49;4539,73;2443;24;261,64;295,98;282,6;84;31;7;120
274,45;8,5;4479,54;2459;24;261,93;294,42;279,3;90;34;7;127
274,1;8,5;4432,6;2475;24;262,1;294;271,1;101;36;7;132
273,24;8,51;4419,17;2491;24;260,49;292,6;269,1;110;37;7;140
278,76;8,5;4407,93;2507;25;266,52;295,65;295,3;47;41;0;0
281,6;8,5;4455,16;2523;25;270,54;294,67;287,7;67;41;0;0
273,96;8,5;4474,54;2539;25;261,35;293,72;278,9;87;34;6;127
275,53;8,49;4472,07;2555;25;262,59;294,55;277,5;85;35;8;131
273,51;8,51;4398,77;2571;25;260,49;293,17;271,6;108;38;8;134
273,51;8,52;4365,16;2587;25;260,58;290,32;267,2;110;40;6;151
273,08;8,53;4349,04;2603;25;260,49;290,2;267,3;113;41;8;149
277,96;8,5;4476,17;2619;26;269,11;286,22;281,3;66;37;0;0
280,48;8,5;4481,05;2635;26;269,2;291,98;286,7;85;39;0;0
273,33;8,5;4408,72;2651;26;261,06;292,57;275,7;95;37;6;127
273,73;8,49;4484,99;2667;26;262,01;294,84;276,5;85;33;9;119
274,88;8,49;4460,68;2683;26;262,21;294,97;277,5;81;35;7;129
274,7;8,5;4425,03;2699;26;261,35;292,84;270,2;96;37;8;143
274,57;8,49;4253,23;2715;27;259,05;294,36;294,1;47;45;5;177
278,74;8,49;4418,26;2731;27;260,49;293,65;287,7;66;40;4;209
281,64;8,51;4544,29;2747;27;271,12;294,97;283,5;81;37;0;0
275,09;8,48;4508,74;2763;27;262,3;295,54;278,7;88;32;6;124
274,22;8,5;4435,58;2779;27;261,06;294,13;272,7;91;36;7;133
274,8;8,5;4452,25;2795;27;260,58;294,13;273;92;36;6;143
278,15;8,49;4354,04;2811;28;267,48;291,77;290,9;52;43;0;0
280,2;8,51;4420,45;2827;28;269,39;291,95;284,1;71;42;0;0
281,71;8,5;4521,79;2843;28;270,54;292,53;284,6;74;38;0;0
280,84;8,51;4560,56;2859;28;271,4;290,45;273,4;102;36;0;0
280,41;8,51;4472,04;2875;28;272,37;289,76;268,7;113;40;0;0
272,99;8,51;4372,92;2891;28;259,43;288,46;268,4;118;39;6;155
278,28;8,5;4441,62;2907;29;266,81;291,77;291,9;52;39;0;0
280,88;8,5;4523,59;2923;29;270,35;293,81;286,8;66;37;0;0
281,05;8,5;4532,17;2939;29;270,26;292,11;279,8;80;37;0;0
281,57;8,51;4608,86;2955;29;271,12;292,68;278,9;84;34;0;0
273,84;8,49;4407,17;2971;29;260,86;291,98;272,1;97;37;7;140
273,76;8,51;4463,66;2987;29;262,21;293,14;271;108;35;7;134
274,17;8,51;4406,83;3003;29;260,2;291,15;271,3;108;38;6;147
278,47;8,5;4408,31;3019;30;267,57;294,5;293,3;47;41;0;0
281,47;8,49;4508,37;3035;30;270,35;294,23;286,8;75;38;0;0
281,89;8,51;4531,29;3051;30;271,51;294,27;282,9;87;38;0;0
274,49;8,5;4423,29;3067;30;262,01;293,14;274,8;93;37;6;133
273,7;8,51;4438,57;3083;30;261,44;293,28;274,4;89;36;8;128
273,81;8,5;4436,76;3099;30;260,2;293,72;273,9;102;36;7;132
279,04;8,5;4457,37;3115;31;267,77;292,94;292,5;65;39;0;0
280,63;8,51;4451,08;3131;31;270,16;291,54;284,7;74;41;0;0
282,53;8,5;4678,02;3147;31;271,12;294,11;284,8;82;31;0;0
283;8,5;4563,66;3163;31;272,37;293,67;277,3;77;37;0;0
276,1;8,5;4505,59;3179;31;260,49;291,12;278,1;93;34;6;159
275,7;8,5;4464;3195;31;261,64;292,26;277,8;87;36;6;143
280,23;8,49;4445,96;3211;32;268,53;295,22;295,4;50;40;0;0
281,82;8,5;4495,8;3227;32;269,49;294,23;288;65;39;0;0
282,65;8,51;4582,27;3243;32;271,98;293,83;282,7;79;36;0;0
282,85;8,5;4593,62;3637;36;272,37;292,68;282,9;79;35;0;0
281,53;8,52;4552,69;3653;36;272,84;290,86;274,8;96;37;0;0
274,61;8,51;4457,27;3669;36;260,78;291,43;273,1;99;36;7;144
274,7;8,51;4441,96;3685;36;259,63;290,2;271;113;37;7;158
273,1;8,52;4384,94;3701;36;258,77;287,93;269,8;119;39;6;161
277,9;8,5;4501,59;3717;37;266,52;288,15;287,5;46;36;0;0
280,55;8,5;4603,94;3733;37;269,78;291,12;281,1;83;33;0;0
280,11;8,52;4550,83;3749;37;270,54;289,15;273,9;98;36;0;0
279,66;8,53;4518,96;3765;37;270,83;288,33;270,3;108;38;0;0
274,35;8,54;4385,01;3781;37;259,05;287,96;271;116;41;7;171
280,08;8,54;4478,71;3797;37;273,13;288,09;268,2;124;41;0;0
278,67;8,5;4449,21;3813;38;267,1;290,78;286,4;65;39;0;0
279,86;8,51;4596,99;3829;38;269,68;289,53;278,7;82;33;0;0
280,18;8,52;4511,57;3845;38;271,4;288,71;272,8;90;38;0;0
280,44;8,52;4518,95;3861;38;271,98;288,87;269,5;101;38;0;0
280,32;8,53;4509,53;3877;38;271,98;288,21;271;115;39;0;0
274,21;8,53;4347,36;3893;38;260,49;287,64;267;119;42;6;169
279,44;8,5;4438,41;3909;39;268,24;296,23;295,2;49;40;0;0
281,75;8,5;4639,76;3925;39;270,07;295,24;285,7;71;32;0;0
282,6;8,51;4603,62;3941;39;271,3;294,69;280,4;80;35;0;0
275,07;8,5;4415,49;3957;39;262,39;294,27;276;95;38;7;134
275,32;8,51;4429,15;3973;39;261,73;293,43;273,9;103;38;6;143
275,13;8,52;4372,58;3989;39;263,36;289,79;270,9;127;41;7;151
279,33;8,5;4516;4005;40;267,1;294,78;293,7;55;36;0;0
282,06;8,5;4607,87;4021;40;269,68;295,66;287,8;67;34;0;0
282,77;8,5;4582,33;4037;40;271,79;294,55;279,1;89;36;0;0
274,53;8,5;4420,43;4053;40;260,58;292,99;273,1;99;37;6;139
274,23;8,51;4410,14;4069;40;260,78;292,73;269,9;110;38;7;144
275,45;8,51;4434,31;4085;40;263,45;291,59;269,7;107;38;6;151
282,72;8,52;4572,93;4101;40;273,52;291,59;271,1;99;37;0;0
279,63;8,5;4461,89;4117;41;268,05;294,23;293,3;52;39;0;0
281,68;8,49;4592,62;4133;41;270,83;294,67;286;67;34;0;0
281,65;8,51;4566,34;4149;41;271,79;291,69;282,2;92;36;0;0
282,29;8,5;4531,34;4165;41;272,08;291,98;275,2;98;38;0;0
283,05;8,51;4551,05;4181;41;271,69;293,41;278,2;88;38;0;0
284,24;8,51;4566,41;4197;41;273,23;294,42;277,3;93;38;0;0
279,45;8,5;4601,26;4213;42;267,38;293,36;291,7;55;32;0;0
281,11;8,5;4588,74;4229;42;269,39;293,23;285,5;67;34;0;0
282,5;8,5;4597,84;4245;42;271,69;293,1;278,9;74;35;0;0
284,01;8,5;4580,58;4261;42;273,23;293,83;276,1;90;37;0;0
284,11;8,5;4582,8;4277;42;272,84;293,1;278,4;80;37;0;0
283,59;8,51;4541,63;4293;42;275,14;290,42;275,6;95;39;0;0
280,3;8,49;4590,45;4309;43;268,82;292,48;291,7;49;33;0;0
281,85;8,5;4638,51;4325;43;270,64;293,36;286,1;65;32;0;0
282,93;8,5;4642,61;4341;43;271,12;292,94;280,9;72;33;0;0
283,46;8,5;4666,73;4357;43;272,27;292,55;282;88;32;0;0
283,49;8,5;4528,79;4373;43;272,55;290,36;283,4;71;39;0;0
284,2;8,51;4491,19;4389;43;275,42;289,72;282,5;98;42;0;0
279,89;8,5;4589,44;4405;44;267,29;290,49;289;48;33;0;0
282,08;8,49;4655,19;4421;44;270,83;291,35;285,2;68;31;0;0
283,63;8,5;4630,03;4437;44;272,84;292,53;282,9;76;34;0;0
283,03;8,5;4563,78;4453;44;272,55;290,39;282,3;80;37;0;0
284,31;8,51;4548,88;4469;44;274,09;291,82;283,7;81;39;0;0
283,93;8,51;4627,68;4485;44;274,09;290,99;278,5;95;35;0;0
283,44;8,52;4489,22;4501;44;274,85;288,58;280,4;111;42;0;0
280,68;8,5;4497,57;4517;45;269,2;293,63;292;48;38;0;0
283,2;8,5;4582,24;4533;45;271,22;293,81;289,4;65;36;0;0
283,88;8,5;4556,3;4549;45;272,66;293,23;282,4;73;38;0;0
285,23;8,51;4587,53;4565;45;273,99;293,98;283,3;87;38;0;0
284,45;8,5;4625,05;4581;45;274,38;292,11;278,9;90;35;0;0
284,64;8,52;4459,31;4597;45;274,17;290,99;282,4;94;44;0;0
280,06;8,5;4514,76;4613;46;267,96;293,1;290,7;62;37;0;0
282,55;8,49;4642,88;4629;46;270,64;294,09;284,4;74;32;0;0
283,45;8,5;4647,15;4645;46;271,12;292,11;282,3;72;33;0;0
283,33;8,51;4537,15;4661;46;274,38;290,74;270,2;98;39;0;0
283,5;8,51;4479,35;4677;46;272,84;290,83;284,4;85;42;0;0
284,48;8,51;4527,89;4693;46;274,28;292,68;285,3;86;40;0;0
279,87;8,5;4488,93;4709;47;268,82;291,67;291,6;71;38;0;0
282,58;8,5;4674,53;4725;47;270,83;293,94;282,3;63;31;0;0
283,3;8,5;4627,05;4741;47;272,94;293,39;279,1;74;34;0;0
283,95;8,52;4620,28;4757;47;272,16;292,42;282,5;86;36;0;0
284,11;8,5;4536,59;4773;47;271,88;292,84;286;83;39;0;0
